[
    {
        "0": "/location/administrative_division/country",
        "1": "/location/country/capital",
        "2": "/location/country/administrative_divisions",
        "3": "/location/neighborhood/neighborhood_of",
        "4": "/location/location/contains",
        "5": "/people/person/nationality",
        "6": "/people/person/place_lived",
        "7": "/people/deceased_person/place_of_death",
        "8": "/business/person/company",
        "9": "/location/us_state/capital",
        "10": "/people/person/place_of_birth",
        "11": "/people/person/children",
        "12": "/business/company/founders",
        "13": "/business/company/place_founded",
        "14": "/sports/sports_team/location",
        "15": "/people/person/ethnicity",
        "16": "/people/ethnicity/geographic_distribution",
        "17": "/people/person/religion",
        "18": "/business/company/major_shareholders",
        "19": "/location/province/capital",
        "20": "/location/br_state/capital",
        "21": "/business/company/advisors",
        "22": "/film/film_location/featured_in_films",
        "23": "/film/film/featured_film_locations",
        "24": "/location/us_county/county_seat",
        "25": "/time/event/locations",
        "26": "/people/deceased_person/place_of_burial",
        "27": "/people/place_of_interment/interred_here",
        "28": "/business/company_advisor/companies_advised"
    },
    {
        "/location/administrative_division/country": 0,
        "/location/country/capital": 1,
        "/location/country/administrative_divisions": 2,
        "/location/neighborhood/neighborhood_of": 3,
        "/location/location/contains": 4,
        "/people/person/nationality": 5,
        "/people/person/place_lived": 6,
        "/people/deceased_person/place_of_death": 7,
        "/business/person/company": 8,
        "/location/us_state/capital": 9,
        "/people/person/place_of_birth": 10,
        "/people/person/children": 11,
        "/business/company/founders": 12,
        "/business/company/place_founded": 13,
        "/sports/sports_team/location": 14,
        "/people/person/ethnicity": 15,
        "/people/ethnicity/geographic_distribution": 16,
        "/people/person/religion": 17,
        "/business/company/major_shareholders": 18,
        "/location/province/capital": 19,
        "/location/br_state/capital": 20,
        "/business/company/advisors": 21,
        "/film/film_location/featured_in_films": 22,
        "/film/film/featured_film_locations": 23,
        "/location/us_county/county_seat": 24,
        "/time/event/locations": 25,
        "/people/deceased_person/place_of_burial": 26,
        "/people/place_of_interment/interred_here": 27,
        "/business/company_advisor/companies_advised": 28
    }
]